drug,variant
Linezolid,rplC_p.Cys154Arg
Linezolid,rrl_n.2269_2270insT
Linezolid,rrl_n.2270G>C
Linezolid,rrl_n.2270G>T
Linezolid,rrl_n.2299G>T
Linezolid,rrl_n.2689A>T
Linezolid,rrl_n.2746G>A
Linezolid,rrl_n.2814G>T
Bedaquiline,atpE_p.Asp28Ala
Bedaquiline,atpE_p.Asp28Gly
Bedaquiline,atpE_p.Asp28Val
Bedaquiline,atpE_p.Glu61Asp
Bedaquiline,atpE_p.Ala63Pro
Bedaquiline,atpE_p.Ile66Met
Bedaquiline,Rv0678_lof
Bedaquiline,pepQ_lof
Clofazimine,Rv0678_lof
Clofazimine,pepQ_lof
Delamanid,ddn_lof
Delamanid,fbiA_lof
Delamanid,fbiB_lof
Delamanid,fbiC_lof
Delamanid,fgd1_lof
Delamanid,Rv2983_lof
