variant,drug,merker
embC_c.-900C>T,Ethambutol,1
embC_c.-1743G>A,Ethambutol,1
embC_c.-1188C>T,Ethambutol,1
embC_c.-565C>T,Ethambutol,1
embC_c.-20A>C,Ethambutol,1
embC_c.-529T>C,Ethambutol,1
ahpC_c.-88G>A,Isoniazid,1
ahpC_c.18T>C,Isoniazid,1
embA_c.1188G>C,Ethambutol,1
embA_c.228C>T,Ethambutol,1
embA_c.3276G>A,Ethambutol,1
embA_c.348G>A,Ethambutol,1
embA_c.864C>T,Ethambutol,1
embA_c.988C>T,Ethambutol,1
embA_p.Ala201Thr,Ethambutol,1
embA_p.Ala813Gly,Ethambutol,1
embA_p.Glu951Asp,Ethambutol,1
embA_p.Pro383Ser,Ethambutol,1
embA_p.Pro639Ser,Ethambutol,1
embA_p.Pro913Ser,Ethambutol,1
embA_p.Val206Met,Ethambutol,1
embB_c.1065G>A,Ethambutol,1
embB_c.1602C>T,Ethambutol,1
embB_c.2895G>A,Ethambutol,1
embB_c.3219C>G,Ethambutol,1
embB_c.351C>T,Ethambutol,1
embB_c.660G>A,Ethambutol,1
embB_p.Asn13Ser,Ethambutol,1
embB_p.Gln139His,Ethambutol,1
embB_p.Glu378Ala,Ethambutol,1
embB_p.Gly156Cys,Ethambutol,1
embB_p.Thr1082Ala,Ethambutol,1
embB_p.Val668Ile,Ethambutol,1
embC_c.1035C>G,Ethambutol,1
embC_c.2688C>G,Ethambutol,1
embC_c.2781C>T,Ethambutol,1
embC_c.3108C>T,Ethambutol,1
embC_c.888C>T,Ethambutol,1
embC_p.Arg567His,Ethambutol,1
embC_p.Arg738Gln,Ethambutol,1
embC_p.Asn394Asp,Ethambutol,1
embC_p.Leu661Ile,Ethambutol,1
embC_p.Thr270Ile,Ethambutol,1
embC_p.Val104Met,Ethambutol,1
embC_p.Val981Leu,Ethambutol,1
embR_p.Cys110Tyr,Ethambutol,1
inhA_c.-40C>T,Isoniazid,1
katG_c.-85C>T,Isoniazid,1
katG_c.-354C>T,Isoniazid,1
inhA_p.Val78Ala,Isoniazid,1
katG_c.1197A>G,Isoniazid,1
katG_c.609C>T,Isoniazid,1
katG_c.87C>A,Isoniazid,1
katG_p.Arg463Leu,Isoniazid,1
mshA_c.21T>C,Isoniazid,1
mshA_c.730C>T,Isoniazid,1
mshA_p.Ala187Val,Isoniazid,1
mshA_p.Asn111Ser,Isoniazid,1
mshA_p.Asp218Ala,Isoniazid,1
ndh_c.-70G>T,Isoniazid,1
ndh_c.1122G>A,Isoniazid,1
ndh_p.Arg268His,Isoniazid,1
ndh_p.Gly313Arg,Isoniazid,1
ndh_p.Val18Ala,Isoniazid,1
pncA_c.195C>T,Pyrazinamide,1
rpoA_p.Glu319Lys,Rifampicin,1
rpoB_c.-61C>T,Rifampicin,1
rpoB_c.1683G>A,Rifampicin,1
rpoB_c.2628T>G,Rifampicin,1
rpoB_c.309C>T,Rifampicin,1
rpoB_c.3225T>C,Rifampicin,1
rpoB_c.684C>T,Rifampicin,1
rpoB_p.Glu639Asp,Rifampicin,1
rpoB_p.Ser388Leu,Rifampicin,1
rpoC_c.1626C>G,Rifampicin,1
rpoC_c.162G>C,Rifampicin,1
rpoC_c.183C>T,Rifampicin,1
rpoC_c.517C>A,Rifampicin,1
rpoC_p.Ala172Val,Rifampicin,1
rpoC_p.Ala621Thr,Rifampicin,1
rpoC_p.Asp271Gly,Rifampicin,1
rpoC_p.Glu1092Asp,Rifampicin,1
rpoC_p.Gly594Glu,Rifampicin,1
rpoC_p.Pro601Leu,Rifampicin,1
rpsA_c.636A>C,Pyrazinamide,1
rpsA_p.Met432Thr,Pyrazinamide,1
ubiA_c.228T>C,Ethambutol,1
ubiA_c.312C>T,Isoniazid,1
ubiA_c.459G>A,Ethambutol,1
ubiA_c.483C>T,Ethambutol,1
ubiA_c.906C>T,Ethambutol,1
ubiA_p.Glu149Asp,Ethambutol,1
mmpL5_p.Ile948Val,Bedaquiline,1
mmpL5_p.Thr794Ile,Bedaquiline,1
mmpL5_p.Asp767Asn,Bedaquiline,1
mmpS5_c.-74G>T,Bedaquiline,1
Rv1979c_p.Asp286Gly,Bedaquiline,1
Rv1979c_c.-129A>G,Bedaquiline,1
