drug,variant,urm
Amikacin,rrs_n.1401A>G,1
Amikacin,rrs_n.1402C>T,1
Amikacin,rrs_n.1484G>T,1
Capreomycin,rrs_n.1401A>G,1
Capreomycin,rrs_n.1402C>T,1
Capreomycin,rrs_n.1484G>T,1
Capreomycin,tlyA_p.Ala105fs,1
Capreomycin,tlyA_p.Ala106fs,1
Capreomycin,tlyA_p.Ala110fs,1
Capreomycin,tlyA_p.Ala215fs,1
Capreomycin,tlyA_p.Ala43fs,1
Capreomycin,tlyA_p.Ala76fs,1
Capreomycin,tlyA_p.Arg133fs,1
Capreomycin,tlyA_p.Arg18*,1
Capreomycin,tlyA_p.Arg213fs,1
Capreomycin,tlyA_p.Arg33fs,1
Capreomycin,tlyA_p.Asn236Lys,1
Capreomycin,tlyA_p.Gln117*,1
Capreomycin,tlyA_p.Gln191fs,1
Capreomycin,tlyA_p.Gln22*,1
Capreomycin,tlyA_p.Gly232Asp,1
Capreomycin,tlyA_p.Gly66*,1
Capreomycin,tlyA_p.His68fs,1
Capreomycin,tlyA_p.Ile144fs,1
Capreomycin,tlyA_p.Ile34fs,1
Capreomycin,tlyA_p.Leu131fs,1
Capreomycin,tlyA_p.Leu74Pro,1
Capreomycin,tlyA_p.Pro233fs,1
Capreomycin,tlyA_p.Ser159*,1
Capreomycin,tlyA_p.Ser92fs,1
Capreomycin,tlyA_p.Thr134fs,1
Capreomycin,tlyA_p.Tyr239fs,1
Capreomycin,tlyA_p.Val197fs,1
Capreomycin,tlyA_p.Val198fs,1
Capreomycin,tlyA_p.Val46fs,1
Delamanid,ddn_p.Leu49Pro,1
Ethambutol,embA_c.-12C>T,1
Ethambutol,embB_p.Asp328Tyr,1
Ethambutol,embB_p.Asp354Ala,1
Ethambutol,embB_p.Gln497Arg,1
Ethambutol,embB_p.Gln497Lys,1
Ethambutol,embB_p.Gly406Ala,1
Ethambutol,embB_p.Gly406Asp,1
Ethambutol,embB_p.Gly406Cys,1
Ethambutol,embB_p.Gly406Ser,1
Ethambutol,embB_p.Leu74Arg,1
Ethambutol,embB_p.Met306Ile,1
Ethambutol,embB_p.Met306Leu,1
Ethambutol,embB_p.Met306Val,1
Ethambutol,embB_p.Tyr319Cys,1
Ethambutol,embB_p.Tyr319Ser,1
Ethionamide,ethA_c.-7T>C,1
Ethionamide,ethA_p.Ala128fs,1
Ethionamide,ethA_p.Ala237dup,1
Ethionamide,ethA_p.Ala237fs,1
Ethionamide,ethA_p.Ala247fs,1
Ethionamide,ethA_p.Ala248dup,1
Ethionamide,ethA_p.Ala248fs,1
Ethionamide,ethA_p.Ala252fs,1
Ethionamide,ethA_p.Ala341Val,1
Ethionamide,ethA_p.Ala352fs,1
Ethionamide,ethA_p.Ala354fs,1
Ethionamide,ethA_p.Ala76fs,1
Ethionamide,ethA_p.Ala90fs,1
Ethionamide,ethA_p.Arg150_Pro160del,1
Ethionamide,ethA_p.Arg150fs,1
Ethionamide,ethA_p.Arg207Gly,1
Ethionamide,ethA_p.Arg207fs,1
Ethionamide,ethA_p.Arg245fs,1
Ethionamide,ethA_p.Arg258fs,1
Ethionamide,ethA_p.Arg259fs,1
Ethionamide,ethA_p.Arg26fs,1
Ethionamide,ethA_p.Arg279*,1
Ethionamide,ethA_p.Arg421*,1
Ethionamide,ethA_p.Arg463fs,1
Ethionamide,ethA_p.Arg466fs,1
Ethionamide,ethA_p.Arg470fs,1
Ethionamide,ethA_p.Arg479fs,1
Ethionamide,ethA_p.Asn114fs,1
Ethionamide,ethA_p.Asn287fs,1
Ethionamide,ethA_p.Asn345fs,1
Ethionamide,ethA_p.Asn379fs,1
Ethionamide,ethA_p.Asn458fs,1
Ethionamide,ethA_p.Asp170fs,1
Ethionamide,ethA_p.Asp196fs,1
Ethionamide,ethA_p.Asp219fs,1
Ethionamide,ethA_p.Asp25fs,1
Ethionamide,ethA_p.Asp290fs,1
Ethionamide,ethA_p.Asp315fs,1
Ethionamide,ethA_p.Asp357del,1
Ethionamide,ethA_p.Asp396fs,1
Ethionamide,ethA_p.Asp410fs,1
Ethionamide,ethA_p.Asp415fs,1
Ethionamide,ethA_p.Asp464fs,1
Ethionamide,ethA_p.Asp46fs,1
Ethionamide,ethA_p.Asp77fs,1
Ethionamide,ethA_p.Cys131*,1
Ethionamide,ethA_p.Cys131fs,1
Ethionamide,ethA_p.Cys253*,1
Ethionamide,ethA_p.Cys253fs,1
Ethionamide,ethA_p.Cys294*,1
Ethionamide,ethA_p.Cys294fs,1
Ethionamide,ethA_p.Gln121*,1
Ethionamide,ethA_p.Gln121fs,1
Ethionamide,ethA_p.Gln165*,1
Ethionamide,ethA_p.Gln165fs,1
Ethionamide,ethA_p.Gln206*,1
Ethionamide,ethA_p.Gln215*,1
Ethionamide,ethA_p.Gln24*,1
Ethionamide,ethA_p.Gln246*,1
Ethionamide,ethA_p.Gln246fs,1
Ethionamide,ethA_p.Gln254*,1
Ethionamide,ethA_p.Gln269*,1
Ethionamide,ethA_p.Gln269fs,1
Ethionamide,ethA_p.Gln271*,1
Ethionamide,ethA_p.Gln271fs,1
Ethionamide,ethA_p.Gln347*,1
Ethionamide,ethA_p.Gln359*,1
Ethionamide,ethA_p.Gln360*,1
Ethionamide,ethA_p.Gln73*,1
Ethionamide,ethA_p.Gln73fs,1
Ethionamide,ethA_p.Glu132*,1
Ethionamide,ethA_p.Glu223_Lys224del,1
Ethionamide,ethA_p.Glu223fs,1
Ethionamide,ethA_p.Glu274fs,1
Ethionamide,ethA_p.Glu311fs,1
Ethionamide,ethA_p.Glu318fs,1
Ethionamide,ethA_p.Glu332*,1
Ethionamide,ethA_p.Glu39fs,1
Ethionamide,ethA_p.Glu3fs,1
Ethionamide,ethA_p.Glu420fs,1
Ethionamide,ethA_p.Glu445fs,1
Ethionamide,ethA_p.Glu476*,1
Ethionamide,ethA_p.Glu83fs,1
Ethionamide,ethA_p.GluArgPro420ArgAlaThr,1
Ethionamide,ethA_p.GluArgPro420LysSerGly,1
Ethionamide,ethA_p.GluArgProGlySerAspValGluGluArg420ArgAlaThrGlyLeuArgCysArgArgAla,1
Ethionamide,ethA_p.GluArgProGlySerAspValGluGluArgPro420ArgAlaThrGlyLeuArgCysArgArgAlaAla,1
Ethionamide,ethA_p.GluArgProGlySerAspValGluGluArgProPhe420ArgAlaThrGlyLeuArgCysArgArgAlaAlaLeu,1
Ethionamide,ethA_p.GluArgProGlySerAspValGluGluArgProPhe420SerSerAspArgAlaGlnMetSerLysSerGlyPro,1
Ethionamide,ethA_p.GluArgProGlySerAspValGluGluArgProPheMetGlu420AlaThrGlyLeuArgCysArgArgAlaAlaLeuHisGlyVal,1
Ethionamide,ethA_p.GluArgProGlySerAspValGluGluArgProPheMetGlu420SerAspArgAlaGlnMetSerLysSerGlyProSerTrpArg,1
Ethionamide,ethA_p.Gly11Val,1
Ethionamide,ethA_p.Gly11fs,1
Ethionamide,ethA_p.Gly184del,1
Ethionamide,ethA_p.Gly283fs,1
Ethionamide,ethA_p.Gly299fs,1
Ethionamide,ethA_p.Gly350fs,1
Ethionamide,ethA_p.Gly371fs,1
Ethionamide,ethA_p.Gly385fs,1
Ethionamide,ethA_p.Gly42fs,1
Ethionamide,ethA_p.Gly437fs,1
Ethionamide,ethA_p.Gly43fs,1
Ethionamide,ethA_p.Gly471fs,1
Ethionamide,ethA_p.Gly477fs,1
Ethionamide,ethA_p.His119fs,1
Ethionamide,ethA_p.His22fs,1
Ethionamide,ethA_p.His281fs,1
Ethionamide,ethA_p.His285fs,1
Ethionamide,ethA_p.His307fs,1
Ethionamide,ethA_p.Ile178fs,1
Ethionamide,ethA_p.Ile181fs,1
Ethionamide,ethA_p.Ile325fs,1
Ethionamide,ethA_p.Ile337fs,1
Ethionamide,ethA_p.Ile339del,1
Ethionamide,ethA_p.Ile339dup,1
Ethionamide,ethA_p.Ile94fs,1
Ethionamide,ethA_p.Ile9fs,1
Ethionamide,ethA_p.Leu126fs,1
Ethionamide,ethA_p.Leu129fs,1
Ethionamide,ethA_p.Leu190fs,1
Ethionamide,ethA_p.Leu194_Ala195delinsPro,1
Ethionamide,ethA_p.Leu194fs,1
Ethionamide,ethA_p.Leu225fs,1
Ethionamide,ethA_p.Leu293*,1
Ethionamide,ethA_p.Leu295fs,1
Ethionamide,ethA_p.Leu344del,1
Ethionamide,ethA_p.Leu344fs,1
Ethionamide,ethA_p.Leu393fs,1
Ethionamide,ethA_p.Leu405fs,1
Ethionamide,ethA_p.Leu440fs,1
Ethionamide,ethA_p.Leu478fs,1
Ethionamide,ethA_p.Leu47fs,1
Ethionamide,ethA_p.Leu82fs,1
Ethionamide,ethA_p.Lys103fs,1
Ethionamide,ethA_p.Lys176_Pro192delinsThr,1
Ethionamide,ethA_p.Lys200fs,1
Ethionamide,ethA_p.Lys241fs,1
Ethionamide,ethA_p.Lys280fs,1
Ethionamide,ethA_p.Lys309fs,1
Ethionamide,ethA_p.Lys30fs,1
Ethionamide,ethA_p.Lys37fs,1
Ethionamide,ethA_p.Lys394*,1
Ethionamide,ethA_p.Lys448fs,1
Ethionamide,ethA_p.Lys86*,1
Ethionamide,ethA_p.Met1?,1
Ethionamide,ethA_p.Met233_Thr236delinsIle,1
Ethionamide,ethA_p.Met372fs,1
Ethionamide,ethA_p.Met59fs,1
Ethionamide,ethA_p.Phe100fs,1
Ethionamide,ethA_p.Phe282fs,1
Ethionamide,ethA_p.Phe349fs,1
Ethionamide,ethA_p.Phe414fs,1
Ethionamide,ethA_p.Phe64fs,1
Ethionamide,ethA_p.Pro160del,1
Ethionamide,ethA_p.Pro160fs,1
Ethionamide,ethA_p.Pro230fs,1
Ethionamide,ethA_p.Pro257fs,1
Ethionamide,ethA_p.Pro284fs,1
Ethionamide,ethA_p.Pro28fs,1
Ethionamide,ethA_p.Pro378Leu,1
Ethionamide,ethA_p.Pro422fs,1
Ethionamide,ethA_p.Pro436fs,1
Ethionamide,ethA_p.Pro68fs,1
Ethionamide,ethA_p.Ser106_Ser110del,1
Ethionamide,ethA_p.Ser106fs,1
Ethionamide,ethA_p.Ser122fs,1
Ethionamide,ethA_p.Ser148fs,1
Ethionamide,ethA_p.Ser18fs,1
Ethionamide,ethA_p.Ser197*,1
Ethionamide,ethA_p.Ser208fs,1
Ethionamide,ethA_p.Ser214fs,1
Ethionamide,ethA_p.Ser251fs,1
Ethionamide,ethA_p.Ser31_Tyr32insTyr,1
Ethionamide,ethA_p.Ser31fs,1
Ethionamide,ethA_p.Ser375fs,1
Ethionamide,ethA_p.Ser390Phe,1
Ethionamide,ethA_p.Ser390fs,1
Ethionamide,ethA_p.Ser399*,1
Ethionamide,ethA_p.Ser40fs,1
Ethionamide,ethA_p.Ser442fs,1
Ethionamide,ethA_p.Ser451fs,1
Ethionamide,ethA_p.Ser57Tyr,1
Ethionamide,ethA_p.Thr130fs,1
Ethionamide,ethA_p.Thr186fs,1
Ethionamide,ethA_p.Thr210fs,1
Ethionamide,ethA_p.Thr232fs,1
Ethionamide,ethA_p.Thr236fs,1
Ethionamide,ethA_p.Thr314fs,1
Ethionamide,ethA_p.Thr323dup,1
Ethionamide,ethA_p.Thr353fs,1
Ethionamide,ethA_p.Thr355fs,1
Ethionamide,ethA_p.Thr387fs,1
Ethionamide,ethA_p.Thr44fs,1
Ethionamide,ethA_p.Thr61fs,1
Ethionamide,ethA_p.Thr88Ile,1
Ethionamide,ethA_p.Thr88fs,1
Ethionamide,ethA_p.Trp109*,1
Ethionamide,ethA_p.Trp116*,1
Ethionamide,ethA_p.Trp167fs,1
Ethionamide,ethA_p.Trp21*,1
Ethionamide,ethA_p.Trp228*,1
Ethionamide,ethA_p.Trp228fs,1
Ethionamide,ethA_p.Trp240*,1
Ethionamide,ethA_p.Trp256*,1
Ethionamide,ethA_p.Trp256fs,1
Ethionamide,ethA_p.Trp289*,1
Ethionamide,ethA_p.Trp289fs,1
Ethionamide,ethA_p.Trp391*,1
Ethionamide,ethA_p.Trp45*,1
Ethionamide,ethA_p.Trp455*,1
Ethionamide,ethA_p.Trp45fs,1
Ethionamide,ethA_p.Trp69*,1
Ethionamide,ethA_p.Trp69fs,1
Ethionamide,ethA_p.Tyr140*,1
Ethionamide,ethA_p.Tyr143*,1
Ethionamide,ethA_p.Tyr147*,1
Ethionamide,ethA_p.Tyr147fs,1
Ethionamide,ethA_p.Tyr211*,1
Ethionamide,ethA_p.Tyr211_Ile212insProThrTyr,1
Ethionamide,ethA_p.Tyr211_Ile212insSerProThrTyr,1
Ethionamide,ethA_p.Tyr235fs,1
Ethionamide,ethA_p.Tyr250*,1
Ethionamide,ethA_p.Tyr276*,1
Ethionamide,ethA_p.Tyr276fs,1
Ethionamide,ethA_p.Tyr32Asp,1
Ethionamide,ethA_p.Tyr32fs,1
Ethionamide,ethA_p.Tyr369fs,1
Ethionamide,ethA_p.Tyr386*,1
Ethionamide,ethA_p.Tyr386fs,1
Ethionamide,ethA_p.Tyr408*,1
Ethionamide,ethA_p.Tyr438*,1
Ethionamide,ethA_p.Tyr461*,1
Ethionamide,ethA_p.Tyr60*,1
Ethionamide,ethA_p.Tyr84*,1
Ethionamide,ethA_p.Tyr92*,1
Ethionamide,ethA_p.Val118fs,1
Ethionamide,ethA_p.Val179fs,1
Ethionamide,ethA_p.Val191fs,1
Ethionamide,ethA_p.Val202fs,1
Ethionamide,ethA_p.Val238fs,1
Ethionamide,ethA_p.Val249fs,1
Ethionamide,ethA_p.Val296fs,1
Ethionamide,ethA_p.Val313fs,1
Ethionamide,ethA_p.Val384fs,1
Ethionamide,ethA_p.Val398dup,1
Ethionamide,ethA_p.Val489fs,1
Ethionamide,ethA_p.Val85del,1
Ethionamide,inhA_c.-154G>A,1
Ethionamide,inhA_c.-770T>A,1
Ethionamide,inhA_c.-770T>C,1
Ethionamide,inhA_c.-777C>T,1
Ethionamide,inhA_c.-778A>G,1
Ethionamide,inhA_p.Ser94Ala,1
Isoniazid,inhA_c.-154G>A,1
Isoniazid,inhA_c.-770T>A,1
Isoniazid,inhA_c.-770T>C,1
Isoniazid,inhA_c.-777C>T,1
Isoniazid,inhA_c.-778A>G,1
Isoniazid,katG_p.Ala16fs,1
Isoniazid,katG_p.Ala202fs,1
Isoniazid,katG_p.Ala444fs,1
Isoniazid,katG_p.Ala478fs,1
Isoniazid,katG_p.Ala480_Ser481insLeuValSerThrAlaTrpAlaAlaAla,1
Isoniazid,katG_p.Ala480del,1
Isoniazid,katG_p.Ala551fs,1
Isoniazid,katG_p.Ala558_Ala559del,1
Isoniazid,katG_p.Ala559fs,1
Isoniazid,katG_p.Ala585fs,1
Isoniazid,katG_p.Arg418*,1
Isoniazid,katG_p.Arg496fs,1
Isoniazid,katG_p.Asn18fs,1
Isoniazid,katG_p.Asn51_Pro52del,1
Isoniazid,katG_p.Asn535fs,1
Isoniazid,katG_p.Asp163fs,1
Isoniazid,katG_p.Asp329fs,1
Isoniazid,katG_p.Asp513_Leu514insHis,1
Isoniazid,katG_p.Asp513fs,1
Isoniazid,katG_p.Asp656fs,1
Isoniazid,katG_p.Asp695fs,1
Isoniazid,katG_p.Asp729fs,1
Isoniazid,katG_p.Cys20fs,1
Isoniazid,katG_p.Gln127*,1
Isoniazid,katG_p.Gln352*,1
Isoniazid,katG_p.Gln36*,1
Isoniazid,katG_p.Gln471*,1
Isoniazid,katG_p.Gln50_Asn51insThr,1
Isoniazid,katG_p.Gln525fs,1
Isoniazid,katG_p.Gln88*,1
Isoniazid,katG_p.Glu342fs,1
Isoniazid,katG_p.Glu588*,1
Isoniazid,katG_p.Glu669fs,1
Isoniazid,katG_p.Glu67del,1
Isoniazid,katG_p.Gly121del,1
Isoniazid,katG_p.Gly123del,1
Isoniazid,katG_p.Gly124fs,1
Isoniazid,katG_p.Gly199fs,1
Isoniazid,katG_p.Gly212fs,1
Isoniazid,katG_p.Gly279fs,1
Isoniazid,katG_p.Gly34fs,1
Isoniazid,katG_p.Gly494fs,1
Isoniazid,katG_p.His25fs,1
Isoniazid,katG_p.His400fs,1
Isoniazid,katG_p.His447_Val450del,1
Isoniazid,katG_p.His447fs,1
Isoniazid,katG_p.His49del,1
Isoniazid,katG_p.Ile335fs,1
Isoniazid,katG_p.Ile393fs,1
Isoniazid,katG_p.Ile455fs,1
Isoniazid,katG_p.Ile563fs,1
Isoniazid,katG_p.Ile80fs,1
Isoniazid,katG_p.Ile8fs,1
Isoniazid,katG_p.Leu173fs,1
Isoniazid,katG_p.Leu293fs,1
Isoniazid,katG_p.Leu382fs,1
Isoniazid,katG_p.Leu521fs,1
Isoniazid,katG_p.Leu634fs,1
Isoniazid,katG_p.Leu641_Gly644del,1
Isoniazid,katG_p.Leu696fs,1
Isoniazid,katG_p.Lys179fs,1
Isoniazid,katG_p.Lys433fs,1
Isoniazid,katG_p.Lys46fs,1
Isoniazid,katG_p.Lys557fs,1
Isoniazid,katG_p.Lys590fs,1
Isoniazid,katG_p.Phe567fs,1
Isoniazid,katG_p.Pro131fs,1
Isoniazid,katG_p.Pro150fs,1
Isoniazid,katG_p.Pro288_Glu289del,1
Isoniazid,katG_p.Pro29_Val30delinsLeu,1
Isoniazid,katG_p.Pro325fs,1
Isoniazid,katG_p.Pro429del,1
Isoniazid,katG_p.Pro429fs,1
Isoniazid,katG_p.Pro569fs,1
Isoniazid,katG_p.Pro622fs,1
Isoniazid,katG_p.Pro642fs,1
Isoniazid,katG_p.Pro6fs,1
Isoniazid,katG_p.Pro7_Thr11delinsThrHisTyr,1
Isoniazid,katG_p.Ser175*,1
Isoniazid,katG_p.Ser315Asn,1
Isoniazid,katG_p.Ser315Thr,1
Isoniazid,katG_p.Ser650fs,1
Isoniazid,katG_p.Ser652fs,1
Isoniazid,katG_p.Ser671*,1
Isoniazid,katG_p.Ser702fs,1
Isoniazid,katG_p.Thr203fs,1
Isoniazid,katG_p.Trp149*,1
Isoniazid,katG_p.Trp161*,1
Isoniazid,katG_p.Trp198*,1
Isoniazid,katG_p.Trp204*,1
Isoniazid,katG_p.Trp321*,1
Isoniazid,katG_p.Trp328Leu,1
Isoniazid,katG_p.Trp351*,1
Isoniazid,katG_p.Trp412*,1
Isoniazid,katG_p.Trp438*,1
Isoniazid,katG_p.Trp477*,1
Isoniazid,katG_p.Trp505*,1
Isoniazid,katG_p.Trp668*,1
Isoniazid,katG_p.Trp668_Glu669insGly,1
Isoniazid,katG_p.Trp668fs,1
Isoniazid,katG_p.Trp689*,1
Isoniazid,katG_p.Tyr155*,1
Isoniazid,katG_p.Tyr28*,1
Isoniazid,katG_p.Tyr339fs,1
Isoniazid,katG_p.Tyr353_Thr354insAsn,1
Isoniazid,katG_p.Tyr95fs,1
Isoniazid,katG_p.Val30fs,1
Isoniazid,katG_p.Val319fs,1
Isoniazid,katG_p.Val386fs,1
Isoniazid,katG_p.Val445fs,1
Isoniazid,katG_p.Val517fs,1
Isoniazid,katG_p.Val538fs,1
Kanamycin,eis_c.-10G>A,1
Kanamycin,eis_c.-12C>T,1
Kanamycin,eis_c.-37G>T,1
Kanamycin,eis_c.-8delC,1
Kanamycin,rrs_n.1401A>G,1
Kanamycin,rrs_n.1402C>T,1
Kanamycin,rrs_n.1484G>T,1
Levofloxacin,gyrA_p.Ala90Val,1
Levofloxacin,gyrA_p.Asp94Ala,1
Levofloxacin,gyrA_p.Asp94Asn,1
Levofloxacin,gyrA_p.Asp94Gly,1
Levofloxacin,gyrA_p.Asp94His,1
Levofloxacin,gyrA_p.Asp94Tyr,1
Levofloxacin,gyrA_p.Gly88Ala,1
Levofloxacin,gyrA_p.Gly88Cys,1
Levofloxacin,gyrA_p.Ser91Pro,1
Levofloxacin,gyrB_p.Ala504Val,1
Levofloxacin,gyrB_p.Asn499Asp,1
Levofloxacin,gyrB_p.Asp461Asn,1
Levofloxacin,gyrB_p.Glu501Asp,1
Levofloxacin,gyrB_p.Glu501Val,1
Linezolid,rplC_p.Cys154Arg,1
Moxifloxacin,gyrA_p.Ala90Val,1
Moxifloxacin,gyrA_p.Asp94Ala,1
Moxifloxacin,gyrA_p.Asp94Asn,1
Moxifloxacin,gyrA_p.Asp94Gly,1
Moxifloxacin,gyrA_p.Asp94His,1
Moxifloxacin,gyrA_p.Asp94Tyr,1
Moxifloxacin,gyrA_p.Gly88Ala,1
Moxifloxacin,gyrA_p.Gly88Cys,1
Moxifloxacin,gyrA_p.Ser91Pro,1
Moxifloxacin,gyrB_p.Ala504Val,1
Moxifloxacin,gyrB_p.Asn499Asp,1
Moxifloxacin,gyrB_p.Asp461Asn,1
Moxifloxacin,gyrB_p.Glu501Asp,1
Moxifloxacin,gyrB_p.Glu501Val,1
Pyrazinamide,pncA_c.-11A>C,1
Pyrazinamide,pncA_c.-11A>G,1
Pyrazinamide,pncA_c.-11A>T,1
Pyrazinamide,pncA_c.-12T>C,1
Pyrazinamide,pncA_c.-7T>C,1
Pyrazinamide,pncA_p.Ala102Pro,1
Pyrazinamide,pncA_p.Ala102_Gly105del,1
Pyrazinamide,pncA_p.Ala102fs,1
Pyrazinamide,pncA_p.Ala134Val,1
Pyrazinamide,pncA_p.Ala143Gly,1
Pyrazinamide,pncA_p.Ala146Thr,1
Pyrazinamide,pncA_p.Ala146Val,1
Pyrazinamide,pncA_p.Ala152fs,1
Pyrazinamide,pncA_p.Ala161fs,1
Pyrazinamide,pncA_p.Ala165del,1
Pyrazinamide,pncA_p.Ala171Glu,1
Pyrazinamide,pncA_p.Ala171fs,1
Pyrazinamide,pncA_p.Ala178_Ser179del,1
Pyrazinamide,pncA_p.Ala178fs,1
Pyrazinamide,pncA_p.Ala20fs,1
Pyrazinamide,pncA_p.Ala26fs,1
Pyrazinamide,pncA_p.Ala28fs,1
Pyrazinamide,pncA_p.Ala39fs,1
Pyrazinamide,pncA_p.Ala3Glu,1
Pyrazinamide,pncA_p.Ala3_Ile5del,1
Pyrazinamide,pncA_p.Ala3fs,1
Pyrazinamide,pncA_p.Ala46Glu,1
Pyrazinamide,pncA_p.Ala46Val,1
Pyrazinamide,pncA_p.Ala79fs,1
Pyrazinamide,pncA_p.Ala89_Ala92dup,1
Pyrazinamide,pncA_p.Ala98fs,1
Pyrazinamide,pncA_p.Arg140fs,1
Pyrazinamide,pncA_p.Arg154Gly,1
Pyrazinamide,pncA_p.Arg154fs,1
Pyrazinamide,pncA_p.Arg29fs,1
Pyrazinamide,pncA_p.Asn112fs,1
Pyrazinamide,pncA_p.Asn118fs,1
Pyrazinamide,pncA_p.Asn149fs,1
Pyrazinamide,pncA_p.Asp126_Val130del,1
Pyrazinamide,pncA_p.Asp126fs,1
Pyrazinamide,pncA_p.Asp129_Val131del,1
Pyrazinamide,pncA_p.Asp129fs,1
Pyrazinamide,pncA_p.Asp12Ala,1
Pyrazinamide,pncA_p.Asp12Asn,1
Pyrazinamide,pncA_p.Asp12Glu,1
Pyrazinamide,pncA_p.Asp12Gly,1
Pyrazinamide,pncA_p.Asp12_Phe13insAlaSerGluProProSerGlnLysSer,1
Pyrazinamide,pncA_p.Asp12fs,1
Pyrazinamide,pncA_p.Asp136fs,1
Pyrazinamide,pncA_p.Asp158fs,1
Pyrazinamide,pncA_p.Asp40fs,1
Pyrazinamide,pncA_p.Asp49Ala,1
Pyrazinamide,pncA_p.Asp49Asn,1
Pyrazinamide,pncA_p.Asp49Glu,1
Pyrazinamide,pncA_p.Asp49Gly,1
Pyrazinamide,pncA_p.Asp49fs,1
Pyrazinamide,pncA_p.Asp56fs,1
Pyrazinamide,pncA_p.Asp63Ala,1
Pyrazinamide,pncA_p.Asp63Gly,1
Pyrazinamide,pncA_p.Asp63_Ser67delinsGlu,1
Pyrazinamide,pncA_p.Asp63fs,1
Pyrazinamide,pncA_p.Asp8Ala,1
Pyrazinamide,pncA_p.Asp8Asn,1
Pyrazinamide,pncA_p.Asp8Glu,1
Pyrazinamide,pncA_p.Asp8Gly,1
Pyrazinamide,pncA_p.Asp8fs,1
Pyrazinamide,pncA_p.Cys138Arg,1
Pyrazinamide,pncA_p.Cys14*,1
Pyrazinamide,pncA_p.Cys14Arg,1
Pyrazinamide,pncA_p.Cys72Arg,1
Pyrazinamide,pncA_p.Cys72Tyr,1
Pyrazinamide,pncA_p.Gln10*,1
Pyrazinamide,pncA_p.Gln10Arg,1
Pyrazinamide,pncA_p.Gln10His,1
Pyrazinamide,pncA_p.Gln10Pro,1
Pyrazinamide,pncA_p.Gln122*,1
Pyrazinamide,pncA_p.Gln141*,1
Pyrazinamide,pncA_p.Gln141Pro,1
Pyrazinamide,pncA_p.Gln141fs,1
Pyrazinamide,pncA_p.Glu127_Asp129del,1
Pyrazinamide,pncA_p.Glu144fs,1
Pyrazinamide,pncA_p.Glu15*,1
Pyrazinamide,pncA_p.Glu15fs,1
Pyrazinamide,pncA_p.Glu173fs,1
Pyrazinamide,pncA_p.Glu181*,1
Pyrazinamide,pncA_p.Glu37fs,1
Pyrazinamide,pncA_p.Glu91*,1
Pyrazinamide,pncA_p.Gly101fs,1
Pyrazinamide,pncA_p.Gly105Asp,1
Pyrazinamide,pncA_p.Gly105Val,1
Pyrazinamide,pncA_p.Gly108Arg,1
Pyrazinamide,pncA_p.Gly132Ala,1
Pyrazinamide,pncA_p.Gly132Asp,1
Pyrazinamide,pncA_p.Gly132Ser,1
Pyrazinamide,pncA_p.Gly132_Thr135del,1
Pyrazinamide,pncA_p.Gly132fs,1
Pyrazinamide,pncA_p.Gly150fs,1
Pyrazinamide,pncA_p.Gly162Asp,1
Pyrazinamide,pncA_p.Gly17Asp,1
Pyrazinamide,pncA_p.Gly17_Ala25del,1
Pyrazinamide,pncA_p.Gly17fs,1
Pyrazinamide,pncA_p.Gly23fs,1
Pyrazinamide,pncA_p.Gly24Asp,1
Pyrazinamide,pncA_p.Gly24fs,1
Pyrazinamide,pncA_p.Gly55del,1
Pyrazinamide,pncA_p.Gly55fs,1
Pyrazinamide,pncA_p.Gly60_Thr61del,1
Pyrazinamide,pncA_p.Gly78fs,1
Pyrazinamide,pncA_p.Gly97Arg,1
Pyrazinamide,pncA_p.Gly97Asp,1
Pyrazinamide,pncA_p.Gly97Cys,1
Pyrazinamide,pncA_p.Gly97Ser,1
Pyrazinamide,pncA_p.Gly97Val,1
Pyrazinamide,pncA_p.Gly97fs,1
Pyrazinamide,pncA_p.His137fs,1
Pyrazinamide,pncA_p.His42fs,1
Pyrazinamide,pncA_p.His51Arg,1
Pyrazinamide,pncA_p.His51Asp,1
Pyrazinamide,pncA_p.His51Gln,1
Pyrazinamide,pncA_p.His51Pro,1
Pyrazinamide,pncA_p.His51Tyr,1
Pyrazinamide,pncA_p.His51fs,1
Pyrazinamide,pncA_p.His57Arg,1
Pyrazinamide,pncA_p.His57Asp,1
Pyrazinamide,pncA_p.His57Tyr,1
Pyrazinamide,pncA_p.His57fs,1
Pyrazinamide,pncA_p.His71Arg,1
Pyrazinamide,pncA_p.His71Pro,1
Pyrazinamide,pncA_p.His71Tyr,1
Pyrazinamide,pncA_p.His82Arg,1
Pyrazinamide,pncA_p.Ile133Thr,1
Pyrazinamide,pncA_p.Ile133fs,1
Pyrazinamide,pncA_p.Ile31Ser,1
Pyrazinamide,pncA_p.Ile31fs,1
Pyrazinamide,pncA_p.Ile5Ser,1
Pyrazinamide,pncA_p.Ile6Thr,1
Pyrazinamide,pncA_p.Ile90Ser,1
Pyrazinamide,pncA_p.Ile90Thr,1
Pyrazinamide,pncA_p.Leu116Pro,1
Pyrazinamide,pncA_p.Leu117fs,1
Pyrazinamide,pncA_p.Leu120Arg,1
Pyrazinamide,pncA_p.Leu120Gln,1
Pyrazinamide,pncA_p.Leu120Pro,1
Pyrazinamide,pncA_p.Leu151Ser,1
Pyrazinamide,pncA_p.Leu151fs,1
Pyrazinamide,pncA_p.Leu156fs,1
Pyrazinamide,pncA_p.Leu159Arg,1
Pyrazinamide,pncA_p.Leu159fs,1
Pyrazinamide,pncA_p.Leu172Arg,1
Pyrazinamide,pncA_p.Leu172Pro,1
Pyrazinamide,pncA_p.Leu172fs,1
Pyrazinamide,pncA_p.Leu182Ser,1
Pyrazinamide,pncA_p.Leu182Trp,1
Pyrazinamide,pncA_p.Leu19Pro,1
Pyrazinamide,pncA_p.Leu27Pro,1
Pyrazinamide,pncA_p.Leu4Ser,1
Pyrazinamide,pncA_p.Leu4Trp,1
Pyrazinamide,pncA_p.Leu4_Val7delinsPheIleIle,1
Pyrazinamide,pncA_p.Leu85Arg,1
Pyrazinamide,pncA_p.Leu85Pro,1
Pyrazinamide,pncA_p.Leu85fs,1
Pyrazinamide,pncA_p.Lys48Glu,1
Pyrazinamide,pncA_p.Lys48Thr,1
Pyrazinamide,pncA_p.Lys48fs,1
Pyrazinamide,pncA_p.Lys96Arg,1
Pyrazinamide,pncA_p.Lys96Gln,1
Pyrazinamide,pncA_p.Lys96Glu,1
Pyrazinamide,pncA_p.Lys96Thr,1
Pyrazinamide,pncA_p.Lys96delinsAsnLeuAlaIleSerAsnValIleValAspGlyVal,1
Pyrazinamide,pncA_p.Lys96fs,1
Pyrazinamide,pncA_p.Met175Thr,1
Pyrazinamide,pncA_p.Met175Val,1
Pyrazinamide,pncA_p.Met175fs,1
Pyrazinamide,pncA_p.Met1?,1
Pyrazinamide,pncA_p.Phe106Ser,1
Pyrazinamide,pncA_p.Phe106fs,1
Pyrazinamide,pncA_p.Phe13Ile,1
Pyrazinamide,pncA_p.Phe13Leu,1
Pyrazinamide,pncA_p.Phe13fs,1
Pyrazinamide,pncA_p.Phe58Leu,1
Pyrazinamide,pncA_p.Phe81Val,1
Pyrazinamide,pncA_p.Phe94Cys,1
Pyrazinamide,pncA_p.Phe94Leu,1
Pyrazinamide,pncA_p.Phe94Ser,1
Pyrazinamide,pncA_p.Pro115fs,1
Pyrazinamide,pncA_p.Pro54Gln,1
Pyrazinamide,pncA_p.Pro54Leu,1
Pyrazinamide,pncA_p.Pro54_Asp56del,1
Pyrazinamide,pncA_p.Pro62Leu,1
Pyrazinamide,pncA_p.Pro62Ser,1
Pyrazinamide,pncA_p.Pro62Thr,1
Pyrazinamide,pncA_p.Pro62_Asp63insAspTyrSer,1
Pyrazinamide,pncA_p.Pro69Leu,1
Pyrazinamide,pncA_p.Pro83fs,1
Pyrazinamide,pncA_p.Ser104Arg,1
Pyrazinamide,pncA_p.Ser104Ile,1
Pyrazinamide,pncA_p.Ser104_Gly108delinsArg,1
Pyrazinamide,pncA_p.Ser164*,1
Pyrazinamide,pncA_p.Ser164Pro,1
Pyrazinamide,pncA_p.Ser164fs,1
Pyrazinamide,pncA_p.Ser18*,1
Pyrazinamide,pncA_p.Ser18fs,1
Pyrazinamide,pncA_p.Ser59Pro,1
Pyrazinamide,pncA_p.Ser65fs,1
Pyrazinamide,pncA_p.Ser66del,1
Pyrazinamide,pncA_p.Ser67Pro,1
Pyrazinamide,pncA_p.Ser74_Pro77del,1
Pyrazinamide,pncA_p.Ser74fs,1
Pyrazinamide,pncA_p.Ser84fs,1
Pyrazinamide,pncA_p.Thr135Pro,1
Pyrazinamide,pncA_p.Thr142Ala,1
Pyrazinamide,pncA_p.Thr142Lys,1
Pyrazinamide,pncA_p.Thr142Met,1
Pyrazinamide,pncA_p.Thr153fs,1
Pyrazinamide,pncA_p.Thr160Pro,1
Pyrazinamide,pncA_p.Thr160_Ala171del,1
Pyrazinamide,pncA_p.Thr168Pro,1
Pyrazinamide,pncA_p.Thr177Pro,1
Pyrazinamide,pncA_p.Thr177fs,1
Pyrazinamide,pncA_p.Thr22fs,1
Pyrazinamide,pncA_p.Thr47Ala,1
Pyrazinamide,pncA_p.Thr47Pro,1
Pyrazinamide,pncA_p.Thr61fs,1
Pyrazinamide,pncA_p.Thr76Ile,1
Pyrazinamide,pncA_p.Thr76Pro,1
Pyrazinamide,pncA_p.Thr87fs,1
Pyrazinamide,pncA_p.Trp119*,1
Pyrazinamide,pncA_p.Trp119Arg,1
Pyrazinamide,pncA_p.Trp119Cys,1
Pyrazinamide,pncA_p.Trp119Gly,1
Pyrazinamide,pncA_p.Trp119fs,1
Pyrazinamide,pncA_p.Trp68*,1
Pyrazinamide,pncA_p.Trp68Arg,1
Pyrazinamide,pncA_p.Trp68Cys,1
Pyrazinamide,pncA_p.Trp68Gly,1
Pyrazinamide,pncA_p.Tyr103*,1
Pyrazinamide,pncA_p.Tyr103Asp,1
Pyrazinamide,pncA_p.Tyr103Cys,1
Pyrazinamide,pncA_p.Tyr103His,1
Pyrazinamide,pncA_p.Tyr103Ser,1
Pyrazinamide,pncA_p.Tyr103fs,1
Pyrazinamide,pncA_p.Tyr34*,1
Pyrazinamide,pncA_p.Tyr34Asp,1
Pyrazinamide,pncA_p.Tyr41*,1
Pyrazinamide,pncA_p.Tyr64*,1
Pyrazinamide,pncA_p.Tyr64Asp,1
Pyrazinamide,pncA_p.Tyr99*,1
Pyrazinamide,pncA_p.Val125Gly,1
Pyrazinamide,pncA_p.Val125Phe,1
Pyrazinamide,pncA_p.Val125_Asp129del,1
Pyrazinamide,pncA_p.Val125fs,1
Pyrazinamide,pncA_p.Val128Gly,1
Pyrazinamide,pncA_p.Val128_Val130del,1
Pyrazinamide,pncA_p.Val128fs,1
Pyrazinamide,pncA_p.Val130Gly,1
Pyrazinamide,pncA_p.Val130fs,1
Pyrazinamide,pncA_p.Val131Gly,1
Pyrazinamide,pncA_p.Val131Phe,1
Pyrazinamide,pncA_p.Val131fs,1
Pyrazinamide,pncA_p.Val139Ala,1
Pyrazinamide,pncA_p.Val139Gly,1
Pyrazinamide,pncA_p.Val139Leu,1
Pyrazinamide,pncA_p.Val139fs,1
Pyrazinamide,pncA_p.Val155Gly,1
Pyrazinamide,pncA_p.Val155Met,1
Pyrazinamide,pncA_p.Val155dup,1
Pyrazinamide,pncA_p.Val155fs,1
Pyrazinamide,pncA_p.Val163fs,1
Pyrazinamide,pncA_p.Val180Ala,1
Pyrazinamide,pncA_p.Val180Gly,1
Pyrazinamide,pncA_p.Val180Phe,1
Pyrazinamide,pncA_p.Val21Gly,1
Pyrazinamide,pncA_p.Val21fs,1
Pyrazinamide,pncA_p.Val44Gly,1
Pyrazinamide,pncA_p.Val45fs,1
Pyrazinamide,pncA_p.Val73fs,1
Pyrazinamide,pncA_p.Val7Ala,1
Pyrazinamide,pncA_p.Val7Gly,1
Pyrazinamide,pncA_p.Val7Leu,1
Pyrazinamide,pncA_p.Val7fs,1
Pyrazinamide,pncA_p.Val9Gly,1
Rifampicin,rpoB_p.Ala451Gly,1
Rifampicin,rpoB_p.Ala451Val,1
Rifampicin,rpoB_p.Arg448Gln,1
Rifampicin,rpoB_p.Arg448Lys,1
Rifampicin,rpoB_p.Asn437Asp,1
Rifampicin,rpoB_p.Asn437His,1
Rifampicin,rpoB_p.Asn437Ile,1
Rifampicin,rpoB_p.Asn437Ser,1
Rifampicin,rpoB_p.Asn437Tyr,1
Rifampicin,rpoB_p.Asn438del,1
Rifampicin,rpoB_p.Asp435Ala,1
Rifampicin,rpoB_p.Asp435Glu,1
Rifampicin,rpoB_p.Asp435Gly,1
Rifampicin,rpoB_p.Asp435His,1
Rifampicin,rpoB_p.Asp435Leu,1
Rifampicin,rpoB_p.Asp435Phe,1
Rifampicin,rpoB_p.Asp435Tyr,1
Rifampicin,rpoB_p.Asp435Val,1
Rifampicin,rpoB_p.Asp435_Gln436delinsGlu,1
Rifampicin,rpoB_p.Asp435_Lys446delinsAlaGlnAsnAsnProLeuSerGlyProGln,1
Rifampicin,rpoB_p.Asp435_Pro439del,1
Rifampicin,rpoB_p.Asp435del,1
Rifampicin,rpoB_p.Gln429His,1
Rifampicin,rpoB_p.Gln429Leu,1
Rifampicin,rpoB_p.Gln429Pro,1
Rifampicin,rpoB_p.Gln432Asn,1
Rifampicin,rpoB_p.Gln432Glu,1
Rifampicin,rpoB_p.Gln432His,1
Rifampicin,rpoB_p.Gln432Leu,1
Rifampicin,rpoB_p.Gln432Lys,1
Rifampicin,rpoB_p.Gln432Pro,1
Rifampicin,rpoB_p.Gln432_Asp435delinsHis,1
Rifampicin,rpoB_p.Gln432_Met434del,1
Rifampicin,rpoB_p.Gln432_Phe433del,1
Rifampicin,rpoB_p.Gln432del,1
Rifampicin,rpoB_p.Gln436Asn,1
Rifampicin,rpoB_p.Gln436Pro,1
Rifampicin,rpoB_p.Gln436_Asn437del,1
Rifampicin,rpoB_p.Gln436del,1
Rifampicin,rpoB_p.Gly426Ser,1
Rifampicin,rpoB_p.Gly426_Thr427del,1
Rifampicin,rpoB_p.Gly442Glu,1
Rifampicin,rpoB_p.His445Arg,1
Rifampicin,rpoB_p.His445Asn,1
Rifampicin,rpoB_p.His445Asp,1
Rifampicin,rpoB_p.His445Cys,1
Rifampicin,rpoB_p.His445Gln,1
Rifampicin,rpoB_p.His445Gly,1
Rifampicin,rpoB_p.His445Leu,1
Rifampicin,rpoB_p.His445Phe,1
Rifampicin,rpoB_p.His445Pro,1
Rifampicin,rpoB_p.His445Ser,1
Rifampicin,rpoB_p.His445Thr,1
Rifampicin,rpoB_p.His445Tyr,1
Rifampicin,rpoB_p.His445_Lys446del,1
Rifampicin,rpoB_p.Ile491Phe,1
Rifampicin,rpoB_p.Leu430Arg,1
Rifampicin,rpoB_p.Leu430Pro,1
Rifampicin,rpoB_p.Leu443Phe,1
Rifampicin,rpoB_p.Leu443_Lys446delinsTrpProGln,1
Rifampicin,rpoB_p.Leu449Met,1
Rifampicin,rpoB_p.Leu452Gln,1
Rifampicin,rpoB_p.Leu452Met,1
Rifampicin,rpoB_p.Leu452Pro,1
Rifampicin,rpoB_p.Leu452Val,1
Rifampicin,rpoB_p.Lys446Arg,1
Rifampicin,rpoB_p.Lys446Gln,1
Rifampicin,rpoB_p.Lys446Glu,1
Rifampicin,rpoB_p.Lys446Thr,1
Rifampicin,rpoB_p.Met434Ile,1
Rifampicin,rpoB_p.Met434Leu,1
Rifampicin,rpoB_p.Met434Val,1
Rifampicin,rpoB_p.Met434_Asn437delinsIle,1
Rifampicin,rpoB_p.Met434_Asp435del,1
Rifampicin,rpoB_p.Phe433_Asp435del,1
Rifampicin,rpoB_p.Phe433_Gln436del,1
Rifampicin,rpoB_p.Phe433_Pro439delinsAsnAsnAla,1
Rifampicin,rpoB_p.Phe433dup,1
Rifampicin,rpoB_p.Pro439Leu,1
Rifampicin,rpoB_p.Pro439Ser,1
Rifampicin,rpoB_p.Ser428Arg,1
Rifampicin,rpoB_p.Ser428Gly,1
Rifampicin,rpoB_p.Ser428Ile,1
Rifampicin,rpoB_p.Ser428Thr,1
Rifampicin,rpoB_p.Ser428_Met434delinsArgGlnLeuSerGlnPheMetVal,1
Rifampicin,rpoB_p.Ser431Arg,1
Rifampicin,rpoB_p.Ser431Gly,1
Rifampicin,rpoB_p.Ser431Thr,1
Rifampicin,rpoB_p.Ser431_Asp435delinsArgSerGlnPheMetGly,1
Rifampicin,rpoB_p.Ser431_Gln432insArg,1
Rifampicin,rpoB_p.Ser431_Gln432insHis,1
Rifampicin,rpoB_p.Ser431_Met434del,1
Rifampicin,rpoB_p.Ser431_Phe433del,1
Rifampicin,rpoB_p.Ser441Ala,1
Rifampicin,rpoB_p.Ser441Gln,1
Rifampicin,rpoB_p.Ser441Leu,1
Rifampicin,rpoB_p.Ser441Met,1
Rifampicin,rpoB_p.Ser441Val,1
Rifampicin,rpoB_p.Ser450Ala,1
Rifampicin,rpoB_p.Ser450Cys,1
Rifampicin,rpoB_p.Ser450Gln,1
Rifampicin,rpoB_p.Ser450Gly,1
Rifampicin,rpoB_p.Ser450Leu,1
Rifampicin,rpoB_p.Ser450Met,1
Rifampicin,rpoB_p.Ser450Phe,1
Rifampicin,rpoB_p.Ser450Trp,1
Rifampicin,rpoB_p.Ser450Tyr,1
Rifampicin,rpoB_p.Ser450Val,1
Rifampicin,rpoB_p.Ser450_Leu452del,1
Rifampicin,rpoB_p.Thr427Ala,1
Rifampicin,rpoB_p.Thr427Asn,1
Rifampicin,rpoB_p.Thr427Gly,1
Rifampicin,rpoB_p.Thr427Ile,1
Rifampicin,rpoB_p.Thr427Ser,1
Rifampicin,rpoB_p.Thr427_Gln429del,1
Rifampicin,rpoB_p.Thr427_Gln429delinsLys,1
Rifampicin,rpoB_p.Thr427_Leu430del,1
Rifampicin,rpoB_p.Thr427_Ser428del,1
Rifampicin,rpoB_p.Thr444Ile,1
Rifampicin,rpoB_p.Thr444Ser,1
Rifampicin,rpoB_p.Thr444dup,1
Rifampicin,rpoB_p.Val170Phe,1
Streptomycin,gid_p.Ala119_Glu120insAspGluIleValArgGlyArgAla,1
Streptomycin,gid_p.Ala119fs,1
Streptomycin,gid_p.Ala134Glu,1
Streptomycin,gid_p.Ala134fs,1
Streptomycin,gid_p.Ala138fs,1
Streptomycin,gid_p.Ala140fs,1
Streptomycin,gid_p.Ala183fs,1
Streptomycin,gid_p.Ala193fs,1
Streptomycin,gid_p.Ala19fs,1
Streptomycin,gid_p.Ala200fs,1
Streptomycin,gid_p.Ala205fs,1
Streptomycin,gid_p.Ala82fs,1
Streptomycin,gid_p.Arg102*,1
Streptomycin,gid_p.Arg102fs,1
Streptomycin,gid_p.Arg116fs,1
Streptomycin,gid_p.Arg118fs,1
Streptomycin,gid_p.Arg158fs,1
Streptomycin,gid_p.Arg15fs,1
Streptomycin,gid_p.Arg176fs,1
Streptomycin,gid_p.Arg206*,1
Streptomycin,gid_p.Arg206fs,1
Streptomycin,gid_p.Arg213*,1
Streptomycin,gid_p.Arg21fs,1
Streptomycin,gid_p.Arg39fs,1
Streptomycin,gid_p.Arg83dup,1
Streptomycin,gid_p.Arg83fs,1
Streptomycin,gid_p.Arg96fs,1
Streptomycin,gid_p.Arg97fs,1
Streptomycin,gid_p.Asp107fs,1
Streptomycin,gid_p.Asp169_Glu170insLysGlyGluArgAlaHisAsp,1
Streptomycin,gid_p.Asp185fs,1
Streptomycin,gid_p.Asp46fs,1
Streptomycin,gid_p.Asp63fs,1
Streptomycin,gid_p.Asp67_Gly71del,1
Streptomycin,gid_p.Cys52*,1
Streptomycin,gid_p.Gln125*,1
Streptomycin,gid_p.Gln127*,1
Streptomycin,gid_p.Gln210fs,1
Streptomycin,gid_p.Gln87*,1
Streptomycin,gid_p.Gln87fs,1
Streptomycin,gid_p.Glu103*,1
Streptomycin,gid_p.Glu113fs,1
Streptomycin,gid_p.Glu120fs,1
Streptomycin,gid_p.Glu121fs,1
Streptomycin,gid_p.Glu170*,1
Streptomycin,gid_p.Glu173*,1
Streptomycin,gid_p.Glu32fs,1
Streptomycin,gid_p.Glu60*,1
Streptomycin,gid_p.Glu60fs,1
Streptomycin,gid_p.Glu92*,1
Streptomycin,gid_p.Glu99*,1
Streptomycin,gid_p.Gly109fs,1
Streptomycin,gid_p.Gly117fs,1
Streptomycin,gid_p.Gly129fs,1
Streptomycin,gid_p.Gly164fs,1
Streptomycin,gid_p.Gly17fs,1
Streptomycin,gid_p.Gly192fs,1
Streptomycin,gid_p.Gly28*,1
Streptomycin,gid_p.Gly30fs,1
Streptomycin,gid_p.Gly37*,1
Streptomycin,gid_p.Gly37fs,1
Streptomycin,gid_p.Gly56dup,1
Streptomycin,gid_p.Gly69Asp,1
Streptomycin,gid_p.Gly71*,1
Streptomycin,gid_p.Gly71fs,1
Streptomycin,gid_p.Gly73Ala,1
Streptomycin,gid_p.Gly76fs,1
Streptomycin,gid_p.His168fs,1
Streptomycin,gid_p.His174fs,1
Streptomycin,gid_p.His48fs,1
Streptomycin,gid_p.Ile114fs,1
Streptomycin,gid_p.Ile55dup,1
Streptomycin,gid_p.Ile81fs,1
Streptomycin,gid_p.Leu108fs,1
Streptomycin,gid_p.Leu152fs,1
Streptomycin,gid_p.Leu16fs,1
Streptomycin,gid_p.Leu26*,1
Streptomycin,gid_p.Leu26fs,1
Streptomycin,gid_p.Leu35fs,1
Streptomycin,gid_p.Leu44_Asp46delinsHis,1
Streptomycin,gid_p.Leu74*,1
Streptomycin,gid_p.Leu79*,1
Streptomycin,gid_p.Leu86fs,1
Streptomycin,gid_p.Leu90fs,1
Streptomycin,gid_p.Leu91fs,1
Streptomycin,gid_p.Leu95fs,1
Streptomycin,gid_p.Lys144*,1
Streptomycin,gid_p.Lys147fs,1
Streptomycin,gid_p.Lys163*,1
Streptomycin,gid_p.Met104fs,1
Streptomycin,gid_p.Met159fs,1
Streptomycin,gid_p.Phe100fs,1
Streptomycin,gid_p.Pro14fs,1
Streptomycin,gid_p.Pro75Arg,1
Streptomycin,gid_p.Pro84Leu,1
Streptomycin,gid_p.Ser136*,1
Streptomycin,gid_p.Ser149fs,1
Streptomycin,gid_p.Ser220fs,1
Streptomycin,gid_p.Thr98fs,1
Streptomycin,gid_p.Trp148*,1
Streptomycin,gid_p.Trp148fs,1
Streptomycin,gid_p.Trp45*,1
Streptomycin,gid_p.Tyr195*,1
Streptomycin,gid_p.Tyr22*,1
Streptomycin,gid_p.Tyr22fs,1
Streptomycin,gid_p.Val105fs,1
Streptomycin,gid_p.Val110fs,1
Streptomycin,gid_p.Val124fs,1
Streptomycin,gid_p.Val135fs,1
Streptomycin,gid_p.Val184fs,1
Streptomycin,gid_p.Val188fs,1
Streptomycin,gid_p.Val202fs,1
Streptomycin,gid_p.Val31fs,1
Streptomycin,gid_p.Val41fs,1
Streptomycin,gid_p.Val65fs,1
Streptomycin,gid_p.Val66fs,1
Streptomycin,gid_p.Val77fs,1
Streptomycin,gid_p.Val89_Arg102delinsGly,1
Streptomycin,rpsL_p.Lys43Arg,1
Streptomycin,rpsL_p.Lys88Arg,1
Streptomycin,rpsL_p.Lys88Gln,1
Streptomycin,rpsL_p.Lys88Met,1
Streptomycin,rrs_n.514A>C,1
Streptomycin,rrs_n.517C>T,1
Streptomycin,rrs_n.878G>A,1
